URL	Label	Label  
http://tm5.sourceforge.net//*	_cse_d6ieoekzj1u	
http://www.mpimet.mpg.de/en/science/models/*	_cse_d6ieoekzj1u	
http://www.ncdc.noaa.gov/stormevents//*	_cse_d6ieoekzj1u	
http://www.giss.nasa.gov/staff/mmishchenko/*	_cse_d6ieoekzj1u	
http://www.giss.nasa.gov/staff/mmishchenko/brf//*	_cse_d6ieoekzj1u	
http://www.giss.nasa.gov/staff/mmishchenko/brf//*	_cse_d6ieoekzj1u	
http://www.giss.nasa.gov/staff/mmishchenko/brf//*	_cse_d6ieoekzj1u	
http://www.giss.nasa.gov/staff/mmishchenko/brf//*	_cse_d6ieoekzj1u	
http://www.giss.nasa.gov/staff/mmishchenko/brf//*	_cse_d6ieoekzj1u	
http://www.giss.nasa.gov/staff/mmishchenko/brf//*	_cse_d6ieoekzj1u	
http://www.giss.nasa.gov/tools/mars24//*	_cse_d6ieoekzj1u	
http://www.giss.nasa.gov/tools/titan24//*	_cse_d6ieoekzj1u	
http://www.giss.nasa.gov/tools/molscat//*	_cse_d6ieoekzj1u	
http://jcm.climatemodel.info//*	_cse_d6ieoekzj1u	
http://www.mi.uni-hamburg.de/*	_cse_d6ieoekzj1u	
http://www.drihm.eu/index.php/support/drihm-components/models/*	_cse_d6ieoekzj1u	
http://www.modtran5.com//*	_cse_d6ieoekzj1u	
http://www.realclimate.org/index.php/data-sources/*	_cse_d6ieoekzj1u	
http://www.wrf-model.org/*	_cse_d6ieoekzj1u	
http://www.gfdl.noaa.gov/model-development/*	_cse_d6ieoekzj1u	
http://www.cesm.ucar.edu/models/atm-cam//*	_cse_d6ieoekzj1u	
http://www.mi.uni-hamburg.de/*	_cse_d6ieoekzj1u	
http://www.metoffice.gov.uk/research/modelling-systems/unified-model/climate-models/hadcm4/*	_cse_d6ieoekzj1u	
http://www.metoffice.gov.uk/research/modelling-systems/unified-model/climate-models/hadcm6/*	_cse_d6ieoekzj1u	
http://www.ncdc.noaa.gov/paleo/impd/*	_cse_d6ieoekzj1u	
http://iridl.ldeo.columbia.edu/*	_cse_d6ieoekzj1u	
http://sensor.nevada.edu/NCCP/Climate%20Monitoring/*	_cse_d6ieoekzj1u	
http://www.staff.ncl.ac.uk/stephen.juggins/software/*	_cse_d6ieoekzj1u	
http://edgcm.columbia.edu/*	_cse_d6ieoekzj1u	
http://link.springer.com/article/10.1007%2Fs00382-013-1701-4/*	_cse_d6ieoekzj1u	
http://www.sciencedirect.com/science/article/pii/S009830041100104X/*	_cse_d6ieoekzj1u	
http://www.ltrr.arizona.edu/~dmeko/*	_cse_d6ieoekzj1u	
http://www.ltrr.arizona.edu/~dmeko/*	_cse_d6ieoekzj1u	
http://www.ltrr.arizona.edu/~dmeko/*	_cse_d6ieoekzj1u	
http://www.ltrr.arizona.edu/~dmeko/*	_cse_d6ieoekzj1u	
http://www.ltrr.arizona.edu/~dmeko/*	_cse_d6ieoekzj1u	
http://www.ltrr.arizona.edu/~dmeko/*	_cse_d6ieoekzj1u	
http://www.ltrr.arizona.edu/~dmeko/*	_cse_d6ieoekzj1u	
http://www.ltrr.arizona.edu/~dmeko/*	_cse_d6ieoekzj1u	
http://www.ltrr.arizona.edu/~dmeko/*	_cse_d6ieoekzj1u	
http://www.ltrr.arizona.edu/~dmeko/*	_cse_d6ieoekzj1u	
http://www.ltrr.arizona.edu/~dmeko/*	_cse_d6ieoekzj1u	
http://www.ltrr.arizona.edu/~dmeko/*	_cse_d6ieoekzj1u	
http://www.ltrr.arizona.edu/~dmeko/*	_cse_d6ieoekzj1u	
http://www.ltrr.arizona.edu/~dmeko/*	_cse_d6ieoekzj1u	
http://www.ltrr.arizona.edu/~dmeko/*	_cse_d6ieoekzj1u	
http://www.ltrr.arizona.edu/~dmeko/*	_cse_d6ieoekzj1u	
http://www.ltrr.arizona.edu/~dmeko/*	_cse_d6ieoekzj1u	
http://www.ltrr.arizona.edu/~dmeko/*	_cse_d6ieoekzj1u	
http://www.ltrr.arizona.edu/~dmeko/*	_cse_d6ieoekzj1u	
http://www.ltrr.arizona.edu/~dmeko/*	_cse_d6ieoekzj1u	
http://www.ltrr.arizona.edu/~dmeko/*	_cse_d6ieoekzj1u	
http://www.ltrr.arizona.edu/~dmeko/*	_cse_d6ieoekzj1u	
http://www.ltrr.arizona.edu/~dmeko/*	_cse_d6ieoekzj1u	
http://www.ltrr.arizona.edu/~dmeko/*	_cse_d6ieoekzj1u	
http://www.ltrr.arizona.edu/~dmeko/*	_cse_d6ieoekzj1u	
http://www.ltrr.arizona.edu/~dmeko/*	_cse_d6ieoekzj1u	
http://www.ltrr.arizona.edu/~dmeko/*	_cse_d6ieoekzj1u	
http://www.ltrr.arizona.edu/~dmeko/*	_cse_d6ieoekzj1u	
http://www.ltrr.arizona.edu/~dmeko/*	_cse_d6ieoekzj1u	
http://www.ltrr.arizona.edu/~dmeko/*	_cse_d6ieoekzj1u	
https://github.com/cszang/bootRes/*	_cse_d6ieoekzj1u	
https://github.com/cszang/bootRes/blob/master/R/bcf.R/*	_cse_d6ieoekzj1u	
https://github.com/cszang/bootRes/blob/master/R/brf.R/*	_cse_d6ieoekzj1u	
https://github.com/cszang/bootRes/blob/master/R/climdispatch.R/*	_cse_d6ieoekzj1u	
http://wikyonos.seos.uvic.ca/model//*	_cse_d6ieoekzj1u	
http://www.klimacampus.de/*	_cse_d6ieoekzj1u	
https://earthsystemcog.org/projects/dcmip-2012/puma/*	_cse_d6ieoekzj1u	
http://www.mi.uni-hamburg.de/*	_cse_d6ieoekzj1u	
http://www.mi.uni-hamburg.de/*	_cse_d6ieoekzj1u	
http://www.metoffice.gov.uk/research/modelling-systems/unified-model/climate-models/hadcm3/*	_cse_d6ieoekzj1u	
http://www.famous.ac.uk/index.php/Main/*	_cse_d6ieoekzj1u	
http://www.cen.uni-hamburg.de/en/research/cen-models/*	_cse_d6ieoekzj1u	
http://www.mathworks.co.uk/matlabcentral/fileexchange/46391-gsebm/*	_cse_d6ieoekzj1u	
http://mitgcm.org//*	_cse_d6ieoekzj1u	
http://www.gfdl.noaa.gov/fms/*	_cse_d6ieoekzj1u	
http://www.cgd.ucar.edu/cas/wigley/magicc//*	_cse_d6ieoekzj1u	
http://www.cgd.ucar.edu/cas/wigley/magicc//*	_cse_d6ieoekzj1u	
http://www.gfdl.noaa.gov/cm2m-and-cm2g/*	_cse_d6ieoekzj1u	
http://www.gfdl.noaa.gov/atmospheric-model/*	_cse_d6ieoekzj1u	
http://www.gfdl.noaa.gov/atmospheric-model/*	_cse_d6ieoekzj1u	
https://github.com/cszang/bootRes/blob/master/R/dcc.R/*	_cse_d6ieoekzj1u	
https://github.com/cszang/bootRes/blob/master/R/dcplot.R/*	_cse_d6ieoekzj1u	
https://github.com/cszang/bootRes/blob/master/R/mdcc.R/*	_cse_d6ieoekzj1u	
https://github.com/cszang/bootRes/blob/master/R/mdcplot.R/*	_cse_d6ieoekzj1u	
https://github.com/cszang/bootRes/blob/master/R/nbcf.R/*	_cse_d6ieoekzj1u	
https://github.com/cszang/bootRes/blob/master/R/nbrf.R/*	_cse_d6ieoekzj1u	
https://github.com/cszang/bootRes/blob/master/R/pmat.R/*	_cse_d6ieoekzj1u	
http://www.clidyn.ethz.ch/imputation/*	_cse_d6ieoekzj1u	
http://www.clidyn.ethz.ch/arfit/*	_cse_d6ieoekzj1u	
http://www.ldeo.columbia.edu/~jsmerdon/papers/*	_cse_d6ieoekzj1u	
http://www.martintingley.com/wp-content/uploads/2011/08/BARCAST_EXAMPLE_CODE.zip/*	_cse_d6ieoekzj1u	
http://www2-pcmdi.llnl.gov/cdat/*	_cse_d6ieoekzj1u	
http://users.ictp.it/~kucharsk/speedy_description/*	_cse_d6ieoekzj1u	
http://www.staff.ncl.ac.uk/staff/stephen.juggins/*	_cse_d6ieoekzj1u	
http://www.ncdc.noaa.gov/paleo/*	_cse_d6ieoekzj1u	
http://geology.er.usgs.gov/eespteam/prism/*	_cse_d6ieoekzj1u	
http://www.jhu.edu/~lhinnov1/paleoguide/*	_cse_d6ieoekzj1u	
http://aqua.org.au/?page_id=82/*	_cse_d6ieoekzj1u	
http://fim.noaa.gov//*	_cse_d6ieoekzj1u	
http://hurricane.ncdc.noaa.gov/pls/paleox/f?p=519:1:0::::P1_STUDY_ID:15536/*	_cse_d6ieoekzj1u	
https://www.earthsystemgrid.org/*	_cse_d6ieoekzj1u	
http://climexp.knmi.nl/*	_cse_d6ieoekzj1u	
http://www.ncdc.noaa.gov/*	_cse_d6ieoekzj1u	
http://www.worldclim.org/*	_cse_d6ieoekzj1u	
http://www.openda.org/joomla/*	_cse_d6ieoekzj1u	
http://sourceforge.net/projects/climatemodeling//*	_cse_d6ieoekzj1u	
http://www.earthsystemmodeling.org//*	_cse_d6ieoekzj1u	
http://www.panfmp.org//*	_cse_d6ieoekzj1u	
http://www.tellervo.org//*	_cse_d6ieoekzj1u	
http://www.tridas.org//*	_cse_d6ieoekzj1u	
https://www2.cesm.ucar.edu/models/current/*	_cse_d6ieoekzj1u	
http://www.mpimet.mpg.de/en/wissenschaft/*	_cse_d6ieoekzj1u	
http://www.mpimet.mpg.de/en/science/models/*	_cse_d6ieoekzj1u	
http://www.mpimet.mpg.de/en/science/models/*	_cse_d6ieoekzj1u	
http://www.microsofttranslator.com/*	_cse_d6ieoekzj1u	
http://www.giss.nasa.gov/tools/modelE//*	_cse_d6ieoekzj1u	
http://dendrolab.org/*	_cse_d6ieoekzj1u	
http://www.manfredmudelsee.com/soft/pearsont/*	_cse_d6ieoekzj1u	
http://www.manfredmudelsee.com/soft/rampfit/*	_cse_d6ieoekzj1u	
http://web.atmos.ucla.edu/tcd//ssa//*	_cse_d6ieoekzj1u	
http://www.manfredmudelsee.com/soft/tauest/*	_cse_d6ieoekzj1u	
http://www.cesm.ucar.edu/models/ccsm3.0/cpl6//*	_cse_d6ieoekzj1u	
http://www.metoffice.gov.uk/research/modelling-systems/unified-model/climate-models/hadgem1/*	_cse_d6ieoekzj1u	
http://oceans11.lanl.gov/drupal/MPAS-O/*	_cse_d6ieoekzj1u	
http://www.metoffice.gov.uk/research/modelling-systems/unified-model/climate-models/depresys/*	_cse_d6ieoekzj1u	
http://www.sciencemag.org/content/317/5846/1866.4/suppl/DC1/*	_cse_d6ieoekzj1u	
http://paos.colorado.edu/research/wavelets//*	_cse_d6ieoekzj1u	
http://aom.giss.nasa.gov//*	_cse_d6ieoekzj1u	
http://www.manfredmudelsee.com/soft/2samples/*	_cse_d6ieoekzj1u	
http://www.manfredmudelsee.com/soft/clim-x-detect/*	_cse_d6ieoekzj1u	
http://www.fund-model.org//*	_cse_d6ieoekzj1u	
http://www.fnu.zmaw.de/*	_cse_d6ieoekzj1u	
https://verc.enes.org/models/software-tools/oasis/*	_cse_d6ieoekzj1u	
http://www.ncdc.noaa.gov/paleo/*	_cse_d6ieoekzj1u	
http://www.ltrr.arizona.edu/collection//*	_cse_d6ieoekzj1u	
https://sites.google.com/site/charanalysis//*	_cse_d6ieoekzj1u	
http://cran.r-project.org/web/packages/dplR/*	_cse_d6ieoekzj1u	
http://www.metoffice.gov.uk/research/modelling-systems/unified-model/climate-models/glosea4/*	_cse_d6ieoekzj1u	
http://www.metoffice.gov.uk/research/modelling-systems/unified-model/climate-models/glosea5/*	_cse_d6ieoekzj1u	
http://www.metoffice.gov.uk/precis//*	_cse_d6ieoekzj1u	
https://jules.jchmr.org//*	_cse_d6ieoekzj1u	
http://www.ncof.co.uk/*	_cse_d6ieoekzj1u	
http://www.wmo.int/pages/prog/www/OSY/Publications/TD1188/*	_cse_d6ieoekzj1u	
http://www.ictp.it/research/esp/models/*	_cse_d6ieoekzj1u	
http://serc.carleton.edu/sp/library/simulations/examples/*	_cse_d6ieoekzj1u	
http://fisica.ehu.es/pyclimate/*	_cse_d6ieoekzj1u	
http://www.cesm.ucar.edu/models/ccsm3.0/clm3//*	_cse_d6ieoekzj1u	
http://www.tpac.org.au/resources/csiro-mk3l-source-code//*	_cse_d6ieoekzj1u	
http://users.monash.edu.au/~dietmard/content/GREB/*	_cse_d6ieoekzj1u	
http://www2.cesm.ucar.edu//*	_cse_d6ieoekzj1u	
http://www.tridas.org/tricycle/*	_cse_d6ieoekzj1u	
http://meetings.copernicus.org/www.cosis.net/abstracts/EGU06/05007/*	_cse_d6ieoekzj1u	
http://www.giss.nasa.gov/tools/modelii//*	_cse_d6ieoekzj1u	
http://www.elic.ucl.ac.be/repomodx/elic/*	_cse_d6ieoekzj1u	
http://www.cesm.ucar.edu/models/ice-csim//*	_cse_d6ieoekzj1u	
http://nsidc.org//*	_cse_d6ieoekzj1u	
http://nsidc.org/data/waiscores/*	_cse_d6ieoekzj1u	
http://nsidc.org/icebridge/portal//*	_cse_d6ieoekzj1u	
http://nsidc.org/data/modis/ms2gt//*	_cse_d6ieoekzj1u	
http://nsidc.org/data/mist/*	_cse_d6ieoekzj1u	
http://nsidc.org/data/tools/eosit//*	_cse_d6ieoekzj1u	
http://nsidc.org/data/velmap/*	_cse_d6ieoekzj1u	
http://www.idlcoyote.com/map_tips/*	_cse_d6ieoekzj1u	
http://oceans11.lanl.gov/drupal/CISM/*	_cse_d6ieoekzj1u	
http://oceans11.lanl.gov/trac/CICE/*	_cse_d6ieoekzj1u	
http://www.csm.ornl.gov/ISICLES//*	_cse_d6ieoekzj1u	
http://www.scidac.gov/PISCEES//*	_cse_d6ieoekzj1u	
http://www.elic.ucl.ac.be/repomodx/lim//*	_cse_d6ieoekzj1u	
http://www.elic.ucl.ac.be/repomodx/lim/*	_cse_d6ieoekzj1u	
http://geospatialmethods.org/mapx//*	_cse_d6ieoekzj1u	
http://geospatialmethods.org/spheres//*	_cse_d6ieoekzj1u	
http://www.marine-geo.org/portals/antarctic//*	_cse_d6ieoekzj1u	
http://www.usap-data.org//*	_cse_d6ieoekzj1u	
http://icecores.org//*	_cse_d6ieoekzj1u	
http://bprc.osu.edu/Icecore/*	_cse_d6ieoekzj1u	
http://bprc.osu.edu/rr//*	_cse_d6ieoekzj1u	
http://www.polardata.ca/*	_cse_d6ieoekzj1u	
http://www.polarcommons.org/*	_cse_d6ieoekzj1u	
http://homepages.ulb.ac.be/~fpattyn/grantism/*	_cse_d6ieoekzj1u	
http://homepages.ulb.ac.be/~fpattyn/grantism/*	_cse_d6ieoekzj1u	
http://www.pism-docs.org/wiki/*	_cse_d6ieoekzj1u	
http://www.sicopolis.net//*	_cse_d6ieoekzj1u	
http://sourceforge.net/projects/glimmer-cism.berlios//*	_cse_d6ieoekzj1u	
http://www.theplantlist.org//*	_cse_d6ieoekzj1u	
http://www.departments.bucknell.edu/biology/resources/msw3//*	_cse_d6ieoekzj1u	
http://www.vertebrates.si.edu/msw/mswcfapp/msw/index.cfm/*	_cse_d6ieoekzj1u	
http://checklist.aou.org//*	_cse_d6ieoekzj1u	
http://research.calacademy.org/redirect?url=http://researcharchive.calacademy.org/research/Ichthyology/catalog/*	_cse_d6ieoekzj1u	
http://pmip2.lsce.ipsl.fr/synth/biome4.shtml/*	_cse_d6ieoekzj1u	
https://www.pik-potsdam.de/research/projects/activities/biosphere-water-modelling/lpjml/*	_cse_d6ieoekzj1u	
https://www.pik-potsdam.de/research/projects/activities/land-use-modelling/magpie/*	_cse_d6ieoekzj1u	
http://www.elic.ucl.ac.be/repomodx/elic/*	_cse_d6ieoekzj1u	
http://www.ictp.it/research/esp/models/*	_cse_d6ieoekzj1u	
http://www.marinespecies.org//*	_cse_d6ieoekzj1u	
http://www.itis.gov/*	_cse_d6ieoekzj1u	
http://www.tropicos.org//*	_cse_d6ieoekzj1u	
http://www.indexfungorum.org//*	_cse_d6ieoekzj1u	
http://www.algaebase.org/*	_cse_d6ieoekzj1u	
http://nordicmicroalgae.org/*	_cse_d6ieoekzj1u	
http://web.ku.edu/~ifaa/*	_cse_d6ieoekzj1u	
http://www.personal.kent.edu/~alisonjs/nanode/*	_cse_d6ieoekzj1u	
http://www.slu.se/lifewatch/*	_cse_d6ieoekzj1u	
http://www.geogratis.gc.ca//*	_cse_d6ieoekzj1u	
http://www.earthchem.org//*	_cse_d6ieoekzj1u	
http://www.earthchem.org/petdb/*	_cse_d6ieoekzj1u	
http://geothermaldata.org//*	_cse_d6ieoekzj1u	
http://www.earthchem.org/seddb/*	_cse_d6ieoekzj1u	
http://www.ncdc.noaa.gov/paleo/*	_cse_d6ieoekzj1u	
http://www.earthchem.org/ventdb/*	_cse_d6ieoekzj1u	
http://www.gcdkit.org//*	_cse_d6ieoekzj1u	
http://onlinelibrary.wiley.com/doi/10.1029/2008GC002057/abstract;jsessionid=E40E07416C35465518D81840B743986B.f03t03/*	_cse_d6ieoekzj1u	
http://melts.ofm-research.org//*	_cse_d6ieoekzj1u	
http://melts.ofm-research.org//*	_cse_d6ieoekzj1u	
http://melts.ofm-research.org//*	_cse_d6ieoekzj1u	
http://webportals.ipsl.jussieu.fr/ScientificApps/dev/forge_patrick/proxies/v1.0//*	_cse_d6ieoekzj1u	
http://kgs.uky.edu/kgsweb/DataSearching/Coal/Quality/*	_cse_d6ieoekzj1u	
http://www.navdat.org//*	_cse_d6ieoekzj1u	
http://www.geosamples.org//*	_cse_d6ieoekzj1u	
http://www.geochron.org//*	_cse_d6ieoekzj1u	
http://www.earth-time.org/*	_cse_d6ieoekzj1u	
http://www.earthref.org/*	_cse_d6ieoekzj1u	
http://earthref.org/GERMRD//*	_cse_d6ieoekzj1u	
http://earthref.org/KDD//*	_cse_d6ieoekzj1u	
http://earthref.org/MAGIC/search/#1401990971017/*	_cse_d6ieoekzj1u	
http://earthref.org/MAGIC/search/#RMag/*	_cse_d6ieoekzj1u	
http://earthref.org/ERR//*	_cse_d6ieoekzj1u	
http://earthref.org/SC//*	_cse_d6ieoekzj1u	
http://earthref.org/ERDA//*	_cse_d6ieoekzj1u	
http://www.earth-time.org/*	_cse_d6ieoekzj1u	
http://www.earth-time.org/*	_cse_d6ieoekzj1u	
http://tmi.laccore.umn.edu/*	_cse_d6ieoekzj1u	
http://www.ncdc.noaa.gov/paleo/*	_cse_d6ieoekzj1u	
http://www.chronos.org/*	_cse_d6ieoekzj1u	
http://www.stratigraphy.org/bak/geowhen//*	_cse_d6ieoekzj1u	
http://mrdata.usgs.gov/geochron/*	_cse_d6ieoekzj1u	
http://macrostrat.org/*	_cse_d6ieoekzj1u	
http://code.google.com/p/analyseries//*	_cse_d6ieoekzj1u	
http://www.ncdc.noaa.gov/paleo/softlib/arand/*	_cse_d6ieoekzj1u	
http://chrono.qub.ac.uk/blaauw/*	_cse_d6ieoekzj1u	
http://www.gplates.org//*	_cse_d6ieoekzj1u	
http://engineering.purdue.edu/Stratigraphy/tscreator/index/*	_cse_d6ieoekzj1u	
http://www.scotese.com/*	_cse_d6ieoekzj1u	
http://lorraine-lisiecki.com/*	_cse_d6ieoekzj1u	
http://www.chronozoom.com/*	_cse_d6ieoekzj1u	
http://earthref.org/MAGIC/*	_cse_d6ieoekzj1u	
http://www.bgc.org/isoplot_etc/*	_cse_d6ieoekzj1u	
http://www.atmos.ucla.edu/tcd/ssa/*	_cse_d6ieoekzj1u	
http://www.opc.ca.gov/2012/03/coastal-mapping-lidar-data-available//*	_cse_d6ieoekzj1u	
http://opentopography.org/*	_cse_d6ieoekzj1u	
http://geology.utah.gov/databases/lidar/*	_cse_d6ieoekzj1u	
http://www.blm.gov/wo/st/en/prog/more/Landscape_Approach/reas/*	_cse_d6ieoekzj1u	
http://www.marine-geo.org/portals/gmrt//*	_cse_d6ieoekzj1u	
http://www.marine-geo.org/tools/*	_cse_d6ieoekzj1u	
http://www.marine-geo.org/tools/search/*	_cse_d6ieoekzj1u	
http://www.marine-geo.org/portals/seismic//*	_cse_d6ieoekzj1u	
http://ngmdb.usgs.gov/gmna/*	_cse_d6ieoekzj1u	
https://earthengine.google.org/#intro/*	_cse_d6ieoekzj1u	
http://geode.net//*	_cse_d6ieoekzj1u	
http://www.qps.nl/display/fledermaus/main/*	_cse_d6ieoekzj1u	
http://genegis.org//*	_cse_d6ieoekzj1u	
http://cove.ocean.washington.edu//*	_cse_d6ieoekzj1u	
http://cesiumjs.org//*	_cse_d6ieoekzj1u	
http://kgs.uky.edu/kgsmap/kgsgeoserver/*	_cse_d6ieoekzj1u	
http://www.ncdc.noaa.gov/paleo/softlib/redfit/*	_cse_d6ieoekzj1u	
http://kgs.uky.edu/kgsmap/kgsgeoserver/*	_cse_d6ieoekzj1u	
http://www.virtualocean.org//*	_cse_d6ieoekzj1u	
http://worldwind.arc.nasa.gov/java//*	_cse_d6ieoekzj1u	
http://mrdata.usgs.gov/geology/state/*	_cse_d6ieoekzj1u	
http://nationalmap.gov/ustopo//*	_cse_d6ieoekzj1u	
http://tin.er.usgs.gov/geology/state/*	_cse_d6ieoekzj1u	
http://dapple.geosoft.com/*	_cse_d6ieoekzj1u	
http://www.geomapapp.org/*	_cse_d6ieoekzj1u	
http://ngmdb.usgs.gov/*	_cse_d6ieoekzj1u	
http://www.dcnr.state.pa.us/topogeo//*	_cse_d6ieoekzj1u	
http://qgis.org/en/site//*	_cse_d6ieoekzj1u	
http://landcover.org//*	_cse_d6ieoekzj1u	
http://www.onegeology.org/*	_cse_d6ieoekzj1u	
http://neo.sci.gsfc.nasa.gov//*	_cse_d6ieoekzj1u	
http://www.ictp.it/research/esp/models/*	_cse_d6ieoekzj1u	
http://instaar.colorado.edu/~jenkinsc/dbseabed/*	_cse_d6ieoekzj1u	
http://kgs.uky.edu/kgsweb/pubs/*	_cse_d6ieoekzj1u	
http://opengeoportal.org//*	_cse_d6ieoekzj1u	
http://kitt.llnl.gov/cmor//*	_cse_d6ieoekzj1u	
http://ferret.wrc.noaa.gov/Ferret//*	_cse_d6ieoekzj1u	
http://www.ncl.ucar.edu//*	_cse_d6ieoekzj1u	
http://meteora.ucsd.edu/~pierce/*	_cse_d6ieoekzj1u	
http://www.iges.org/grads//*	_cse_d6ieoekzj1u	
http://www.pynio.ucar.edu/newusers.shtml/*	_cse_d6ieoekzj1u	
http://www.pynio.ucar.edu/newusers.shtml/*	_cse_d6ieoekzj1u	
http://www.pangaea.de/*	_cse_d6ieoekzj1u	
http://earth-base.org/*	_cse_d6ieoekzj1u	
http://www.datathief.org/*	_cse_d6ieoekzj1u	
http://geohazards.usgs.gov/cfusion/qfault/index.cfm/*	_cse_d6ieoekzj1u	
http://modb.oce.ulg.ac.be/mediawiki/index.php/*	_cse_d6ieoekzj1u	
http://www.sddenr.net/georef//*	_cse_d6ieoekzj1u	
http://odv.awi.de/*	_cse_d6ieoekzj1u	
http://www.unidata.ucar.edu/software/idv//*	_cse_d6ieoekzj1u	
http://www.bgs.ac.uk/palaeosaurus/home.cfm/*	_cse_d6ieoekzj1u	
http://csdms.colorado.edu/wiki/Portal_getting_started_with_CMT/*	_cse_d6ieoekzj1u	
http://rsb.info.nih.gov/ij/*	_cse_d6ieoekzj1u	
http://www.esri.com/*	_cse_d6ieoekzj1u	
http://gigapan.com/*	_cse_d6ieoekzj1u	
http://cmip-pcmdi.llnl.gov/cmip5/*	_cse_d6ieoekzj1u	
http://www.iedadata.org/*	_cse_d6ieoekzj1u	
http://www.geosamples.org/*	_cse_d6ieoekzj1u	
http://www.sciencebase.gov/*	_cse_d6ieoekzj1u	
http://vader.cse.lehigh.edu/~perkins/*	_cse_d6ieoekzj1u	
http://www.r-project.org/*	_cse_d6ieoekzj1u	
http://rpy.sourceforge.net//*	_cse_d6ieoekzj1u	
http://www.giss.nasa.gov/tools/panoply//*	_cse_d6ieoekzj1u	
http://www.giss.nasa.gov/tools/gprojector//*	_cse_d6ieoekzj1u	
http://earthdata.nasa.gov/*	_cse_d6ieoekzj1u	
http://www.flake.igb-berlin.de/sourcecodes.shtml/*	_cse_d6ieoekzj1u	
http://www.inm.ras.ru/laboratory/*	_cse_d6ieoekzj1u	
http://www.cwr.uwa.edu.au/software1/*	_cse_d6ieoekzj1u	
http://www.cwr.uwa.edu.au/software1/*	_cse_d6ieoekzj1u	
http://www.cwr.uwa.edu.au/software1/*	_cse_d6ieoekzj1u	
http://www.cwr.uwa.edu.au/software1/*	_cse_d6ieoekzj1u	
http://www-naweb.iaea.org/napc/ih/*	_cse_d6ieoekzj1u	
http://www-naweb.iaea.org/napc/ih/*	_cse_d6ieoekzj1u	
http://kgs.uky.edu/kgsweb/DataSearching/Water/*	_cse_d6ieoekzj1u	
http://kgs.uky.edu/kgsweb/DataSearching/Water/*	_cse_d6ieoekzj1u	
http://kgs.uky.edu/kgsweb/DataSearching/Water/*	_cse_d6ieoekzj1u	
http://www.ncdc.noaa.gov/paleo/softlib/*	_cse_d6ieoekzj1u	
http://kgs.uky.edu/kgsweb/DataSearching/Water/*	_cse_d6ieoekzj1u	
http://www-naweb.iaea.org/napc/ih/*	_cse_d6ieoekzj1u	
http://nhd.usgs.gov//*	_cse_d6ieoekzj1u	
http://water.epa.gov/type/rsl/monitoring/riverssurvey/index.cfm/*	_cse_d6ieoekzj1u	
http://waterdata.usgs.gov/nwis/*	_cse_d6ieoekzj1u	
http://waterisotopes.org/*	_cse_d6ieoekzj1u	
http://www-naweb.iaea.org/napc/ih/*	_cse_d6ieoekzj1u	
http://isomap.org/*	_cse_d6ieoekzj1u	
http://fmp.conncoll.edu/Silicasecchidisk/*	_cse_d6ieoekzj1u	
http://www.cesm.ucar.edu/models/ccsm3.0/pop//*	_cse_d6ieoekzj1u	
http://www.elic.ucl.ac.be/repomodx/elic/*	_cse_d6ieoekzj1u	
http://www.ictp.it/research/esp/models/*	_cse_d6ieoekzj1u	
http://www.ictp.it/research/esp/models/*	_cse_d6ieoekzj1u	
http://www.nova.edu/ocean/coralxds/*	_cse_d6ieoekzj1u	
http://www.marine-geo.org/portals/ridge2000//*	_cse_d6ieoekzj1u	
http://www.marine-geo.org/portals/margins//*	_cse_d6ieoekzj1u	
http://www.gplates.org/*	_cse_d6ieoekzj1u	
http://www.mpimet.mpg.de/en/science/models/*	_cse_d6ieoekzj1u	
http://data.giss.nasa.gov/o18data/*	_cse_d6ieoekzj1u	
http://www.nemo-ocean.eu//*	_cse_d6ieoekzj1u	
http://www.marine-geo.org/portals/geoprisms//*	_cse_d6ieoekzj1u	
http://lorraine-lisiecki.com/*	_cse_d6ieoekzj1u	
http://www.gfdl.noaa.gov/cm2m-and-cm2g/*	_cse_d6ieoekzj1u	
http://www.nemo-ocean.eu//*	_cse_d6ieoekzj1u	
http://mdl-mom5.herokuapp.com/web/*	_cse_d6ieoekzj1u	
http://www.gfdl.noaa.gov/gold-ocean-model/*	_cse_d6ieoekzj1u	
http://www.gfdl.noaa.gov/gold-ocean-model/*	_cse_d6ieoekzj1u	
http://www.elic.ucl.ac.be/repomodx/elic/*	_cse_d6ieoekzj1u	
http://www.elic.ucl.ac.be/repomodx/elic/*	_cse_d6ieoekzj1u	
http://www.legos.obs-mip.fr/recherches/equipes/geomar/Nd_DataBase/*	_cse_d6ieoekzj1u	
http://www.mpimet.mpg.de/en/science/models/*	_cse_d6ieoekzj1u	
http://www.metoffice.gov.uk/research/modelling-systems/unified-model/climate-models/hadcm5/*	_cse_d6ieoekzj1u	
http://www.ucm.es/info/cliwoc/*	_cse_d6ieoekzj1u	
http://www.ig.utexas.edu/sdc//*	_cse_d6ieoekzj1u	
http://pidba.utk.edu//*	_cse_d6ieoekzj1u	
http://animaldiversity.ummz.umich.edu/*	_cse_d6ieoekzj1u	
http://bison.usgs.ornl.gov/*	_cse_d6ieoekzj1u	
http://www.bugscep.com/*	_cse_d6ieoekzj1u	
http://portal.chronos.org/*	_cse_d6ieoekzj1u	
http://portal.chronos.org/gridsphere/gridsphere?cid=res_foram/*	_cse_d6ieoekzj1u	
http://www.fossilrecord.net/dateaclade/*	_cse_d6ieoekzj1u	
http://diatom.ansp.org/dpdc/*	_cse_d6ieoekzj1u	
http://paleo.esrf.eu//*	_cse_d6ieoekzj1u	
http://craticula.ncl.ac.uk/Eddi/jsp/*	_cse_d6ieoekzj1u	
http://fishbase.org/*	_cse_d6ieoekzj1u	
http://fred.org.nz/*	_cse_d6ieoekzj1u	
http://www.nescent.org/science/*	_cse_d6ieoekzj1u	
http://gbif.org/*	_cse_d6ieoekzj1u	
http://idigbio.org/portal/*	_cse_d6ieoekzj1u	
http://www.ncdc.noaa.gov/data-access/paleoclimatology-data/datasets/insect/*	_cse_d6ieoekzj1u	
http://www2.unil.ch/interrad-mrd/*	_cse_d6ieoekzj1u	
http://www.usanpn.org/*	_cse_d6ieoekzj1u	
http://www.neotomadb.org/*	_cse_d6ieoekzj1u	
http://eusmilia.geology.uiowa.edu/*	_cse_d6ieoekzj1u	
http://iobis.org/*	_cse_d6ieoekzj1u	
http://peabody.yale.edu/collections/*	_cse_d6ieoekzj1u	
http://radiolaria.org/*	_cse_d6ieoekzj1u	
http://paleobiology.si.edu/collections/*	_cse_d6ieoekzj1u	
http://biostratigraphy.com/*	_cse_d6ieoekzj1u	
http://biostratigraphy.com/*	_cse_d6ieoekzj1u	
http://biostratigraphy.com/*	_cse_d6ieoekzj1u	
http://biostratigraphy.com/*	_cse_d6ieoekzj1u	
http://biostratigraphy.com/*	_cse_d6ieoekzj1u	
http://biostratigraphy.com/*	_cse_d6ieoekzj1u	
http://www.pazsoftware.com/*	_cse_d6ieoekzj1u	
http://www.pazsoftware.com/*	_cse_d6ieoekzj1u	
http://www.pazsoftware.com/*	_cse_d6ieoekzj1u	
http://www.pazsoftware.com/*	_cse_d6ieoekzj1u	
http://www.pazsoftware.com/*	_cse_d6ieoekzj1u	
http://www.pazsoftware.com/*	_cse_d6ieoekzj1u	
http://www.pazsoftware.com/*	_cse_d6ieoekzj1u	
http://www.pazsoftware.com/*	_cse_d6ieoekzj1u	
http://www.pazsoftware.com/*	_cse_d6ieoekzj1u	
http://www.pazsoftware.com/*	_cse_d6ieoekzj1u	
http://www.pazsoftware.com/*	_cse_d6ieoekzj1u	
http://www.pazsoftware.com/*	_cse_d6ieoekzj1u	
http://www.pazsoftware.com/*	_cse_d6ieoekzj1u	
http://www.timetree.org/*	_cse_d6ieoekzj1u	
http://www.envs.emory.edu/faculty/MARTIN/ichnology/*	_cse_d6ieoekzj1u	
http://ucmpdb.berkeley.edu/*	_cse_d6ieoekzj1u	
http://research.fit.edu/paleolab/*	_cse_d6ieoekzj1u	
http://www.ucmp.berkeley.edu/neomap/*	_cse_d6ieoekzj1u	
http://www.ucmp.berkeley.edu/faunmap/*	_cse_d6ieoekzj1u	
http://www.ucmp.berkeley.edu/miomap/*	_cse_d6ieoekzj1u	
https://www.dmr.nd.gov/ndfossil/Collections/*	_cse_d6ieoekzj1u	
http://paleobiodb.org/*	_cse_d6ieoekzj1u	
http://www.paleoportal.org/*	_cse_d6ieoekzj1u	
http://www.morphobank.org/*	_cse_d6ieoekzj1u	
http://zoobank.org/*	_cse_d6ieoekzj1u	
http://vbrant.eu/*	_cse_d6ieoekzj1u	
http://nannotax.org/*	_cse_d6ieoekzj1u	
http://clamp.ibcas.ac.cn//*	_cse_d6ieoekzj1u	
http://westerndiatoms.colorado.edu/*	_cse_d6ieoekzj1u	
http://biodiversitylibrary.org/*	_cse_d6ieoekzj1u	
http://www.digimorph.org/*	_cse_d6ieoekzj1u	
http://datadryad.org/*	_cse_d6ieoekzj1u	
http://www.micropress.org/*	_cse_d6ieoekzj1u	
http://www.ncbi.nlm.nih.gov/genbank/*	_cse_d6ieoekzj1u	
http://itis.gov/*	_cse_d6ieoekzj1u	
http://tolweb.org/*	_cse_d6ieoekzj1u	
http://www.treebase.org/*	_cse_d6ieoekzj1u	
http://www.eol.org/*	_cse_d6ieoekzj1u	
http://www.fossilplot.org/*	_cse_d6ieoekzj1u	
http://gnrd.globalnames.org/*	_cse_d6ieoekzj1u	
http://mesquiteproject.org/*	_cse_d6ieoekzj1u	
http://scratchpads.eu/*	_cse_d6ieoekzj1u	
http://specifysoftware.org/*	_cse_d6ieoekzj1u	
http://www.paleocore.org/*	_cse_d6ieoekzj1u	
http://gis1.asurite.ad.asu.edu/hadarv3/*	_cse_d6ieoekzj1u	
https://github.com/ropensci/neotoma/*	_cse_d6ieoekzj1u	
http://www.paleocentral.org/*	_cse_d6ieoekzj1u	
http://efossils.org/*	_cse_d6ieoekzj1u	
http://edna.palass-hosting.org/*	_cse_d6ieoekzj1u	
http://www.ucmp.berkeley.edu/*	_cse_d6ieoekzj1u	
http://www.paleotax.de/rudists/*	_cse_d6ieoekzj1u	
http://www.tdar.org/*	_cse_d6ieoekzj1u	
http://www.bgs.ac.uk/collections/*	_cse_d6ieoekzj1u	
http://www.bgs.ac.uk/collections/*	_cse_d6ieoekzj1u	
http://www.3d-fossils.ac.uk//*	_cse_d6ieoekzj1u	
http://portal.chronos.org/gridsphere/gridsphere?cid=tools_adp/*	_cse_d6ieoekzj1u	
http://coreref.org/*	_cse_d6ieoekzj1u	
http://odplegacy.org/samples_data/*	_cse_d6ieoekzj1u	
http://scientific.oceandrilling.org/*	_cse_d6ieoekzj1u	
http://data.oceandrilling.org/*	_cse_d6ieoekzj1u	
http://laccore.org/*	_cse_d6ieoekzj1u	
http://www.icdp-online.org/service/data-sample-management/in-the-repository//*	_cse_d6ieoekzj1u	
http://www.corewall.org/*	_cse_d6ieoekzj1u	
http://www.corewall.org/*	_cse_d6ieoekzj1u	
http://www.corewall.org/*	_cse_d6ieoekzj1u	
http://www.cnsopb.ns.ca/geoscience/geoscience-research-center/*	_cse_d6ieoekzj1u	
http://www.ldeo.columbia.edu/core-repository/*	_cse_d6ieoekzj1u	
http://my.usgs.gov/crcwc//*	_cse_d6ieoekzj1u	
http://www.gsa.state.al.us/ogb/*	_cse_d6ieoekzj1u	
http://repository.azgs.az.gov/uri_gin/azgs/dlio/921/*	_cse_d6ieoekzj1u	
http://www.dep.state.fl.us/geology/gisdatamaps/*	_cse_d6ieoekzj1u	
http://igs.indiana.edu/pdms//*	_cse_d6ieoekzj1u	
http://www.isgs.illinois.edu/iloil/*	_cse_d6ieoekzj1u	
http://www.isgs.illinois.edu/content/gamma-ray-logs-database/*	_cse_d6ieoekzj1u	
http://www.isgs.illinois.edu/ilmines/*	_cse_d6ieoekzj1u	
http://www.isgs.illinois.edu/ilwater/*	_cse_d6ieoekzj1u	
http://www.isgs.illinois.edu/isgs-seismometer/*	_cse_d6ieoekzj1u	
http://www.agiweb.org/datadirectory/*	_cse_d6ieoekzj1u	
http://ma.water.usgs.gov/infodata//*	_cse_d6ieoekzj1u	
http://bostonsoil.atech.tufts.edu//*	_cse_d6ieoekzj1u	
http://www.ogb.state.ms.us/*	_cse_d6ieoekzj1u	
http://kgs.uky.edu/kgsweb/DataSearching/OilGas/*	_cse_d6ieoekzj1u	
http://kgs.uky.edu/kgsweb/DataSearching/Coal/Borehole/*	_cse_d6ieoekzj1u	
http://kgs.uky.edu/kgsweb/DataSearching/Coal/KCRIS/*	_cse_d6ieoekzj1u	
http://kgs.uky.edu/kgsweb/DataSearching/CSLib/*	_cse_d6ieoekzj1u	
http://www.nbmg.unr.edu/Specimens/*	_cse_d6ieoekzj1u	
http://www2.des.state.nh.us/DESOnestop/*	_cse_d6ieoekzj1u	
http://www.nogcc.ne.gov/olNOGCCOnlineGIS//*	_cse_d6ieoekzj1u	
http://occpermit.com/wellbrowse//*	_cse_d6ieoekzj1u	
http://www.state.nj.us/dep/njgs/geodata/*	_cse_d6ieoekzj1u	
https://www.dmr.nd.gov/oilgas/*	_cse_d6ieoekzj1u	
https://www.dmr.nd.gov/ndgs/Offices/Core_Library//*	_cse_d6ieoekzj1u	
https://www.dmr.nd.gov/ndgs/Circulars//*	_cse_d6ieoekzj1u	
http://esogis.nysm.nysed.gov/esogis/index.cfm/*	_cse_d6ieoekzj1u	
http://www.energylibrariesonline.com/*	_cse_d6ieoekzj1u	
http://www.ocgs.org/*	_cse_d6ieoekzj1u	
http://geology.utah.gov/emp/corecenter/*	_cse_d6ieoekzj1u	
http://geoinfo.nmt.edu/libraries/subsurface/*	_cse_d6ieoekzj1u	
http://geoinfo.nmt.edu/resources/minerals/*	_cse_d6ieoekzj1u	
http://geoinfo.nmt.edu/libraries/nure/*	_cse_d6ieoekzj1u	
http://www.sddenr.net/waterdb//*	_cse_d6ieoekzj1u	
http://www.sddenr.net/lithdb//*	_cse_d6ieoekzj1u	
http://www.sddenr.net/sdoil//*	_cse_d6ieoekzj1u	
http://www.sddenr.net/core//*	_cse_d6ieoekzj1u	
http://www.beg.utexas.edu/info/*	_cse_d6ieoekzj1u	
http://www.wvgs.wvnet.edu/www/services/*	_cse_d6ieoekzj1u	
http://wogcc.state.wy.us//*	_cse_d6ieoekzj1u	
http://www.dggs.alaska.gov/gmc/*	_cse_d6ieoekzj1u	
http://www.geology.ar.gov/catalog/*	_cse_d6ieoekzj1u	
http://www.ct.gov/deep/cwp/*	_cse_d6ieoekzj1u	
http://www.dgs.udel.edu/projects/outer-continental-shelf-core-and-sample-repository/*	_cse_d6ieoekzj1u	
http://www.kgs.ku.edu/Magellan/CoreLibrary/*	_cse_d6ieoekzj1u	
http://www.uky.edu/KGS/core_library//*	_cse_d6ieoekzj1u	
http://www.maine.gov/dacf/mgs/explore/mining/core/*	_cse_d6ieoekzj1u	
http://wsh060.westhills.wmich.edu/MGRRE//*	_cse_d6ieoekzj1u	
http://www2.ohiodnr.com/geosurvey/core-samples/core-sample-repository/*	_cse_d6ieoekzj1u	
http://www.dnr.sc.gov/geology/*	_cse_d6ieoekzj1u	
http://igor.beg.utexas.edu/crc2/*	_cse_d6ieoekzj1u	
http://www.beg.utexas.edu/info/*	_cse_d6ieoekzj1u	
http://www.beg.utexas.edu/info/*	_cse_d6ieoekzj1u	
http://www.beg.utexas.edu/info/*	_cse_d6ieoekzj1u	
http://www.dnr.mo.gov/geology/geosrv/geores/*	_cse_d6ieoekzj1u	
http://www.lgs.lsu.edu/deploy/content/PUBLI/*	_cse_d6ieoekzj1u	
http://www.wellsample.com//*	_cse_d6ieoekzj1u	
http://www.kochi-core.jp/en/iodp-curation/*	_cse_d6ieoekzj1u	
http://iodp.tamu.edu/curation/gcr/*	_cse_d6ieoekzj1u	
http://www.marum.de/en/*	_cse_d6ieoekzj1u	
http://www.gso.uri.edu/marine-geological-samples-laboratory/*	_cse_d6ieoekzj1u	
http://core-repository.coas.oregonstate.edu//*	_cse_d6ieoekzj1u	
http://www.ngdc.noaa.gov/mgg/curator/*	_cse_d6ieoekzj1u	
http://walrus.wr.usgs.gov/infobank/programs/html/facilities/mp/15.1/*	_cse_d6ieoekzj1u	
http://www.ngdc.noaa.gov/mgg/curator/*	_cse_d6ieoekzj1u	
http://coastal.er.usgs.gov/lased//*	_cse_d6ieoekzj1u	
http://www.ngdc.noaa.gov/mgg/curator/*	_cse_d6ieoekzj1u	
http://www.marine-geo.org/*	_cse_d6ieoekzj1u	
http://walrus.wr.usgs.gov/infobank/*	_cse_d6ieoekzj1u	
http://www.ngdc.noaa.gov/mgg/curator/*	_cse_d6ieoekzj1u	
http://linked.seabedsamples.org/*	_cse_d6ieoekzj1u	
http://iodp.org/*	_cse_d6ieoekzj1u	
http://www.ngdc.noaa.gov/mgg/*	_cse_d6ieoekzj1u	
http://www.deepseadrilling.org//*	_cse_d6ieoekzj1u	
http://www.rvdata.us/*	_cse_d6ieoekzj1u	
http://www-odp.tamu.edu/database/*	_cse_d6ieoekzj1u	
http://brg.ldeo.columbia.edu/logdb/*	_cse_d6ieoekzj1u	
https://repository.nced.umn.edu//*	_cse_d6ieoekzj1u	
http://www.sead.se//*	_cse_d6ieoekzj1u	
http://www.nrcs.usda.gov/wps/portal/nrcs/detail/soils/survey/partnership/?cid=nrcs142p2_054213#00/*	_cse_d6ieoekzj1u	
http://websoilsurvey.nrcs.usda.gov/app/*	_cse_d6ieoekzj1u	
http://geology.utah.gov/databases/landslide-history/*	_cse_d6ieoekzj1u	
http://www.cocorahs.org/*	_cse_d6ieoekzj1u	
http://www.ngdc.noaa.gov//*	_cse_d6ieoekzj1u	
http://www.sepmstrata.org/*	_cse_d6ieoekzj1u	
http://energy.usgs.gov/OilGas/AssessmentsData/*	_cse_d6ieoekzj1u	
http://igor.beg.utexas.edu/crc2//*	_cse_d6ieoekzj1u	
http://stratigraphy.org/index.php/*	_cse_d6ieoekzj1u	
http://www.earthscope.org//*	_cse_d6ieoekzj1u	
http://www.marine-geo.org/portals/geoprisms//*	_cse_d6ieoekzj1u	
http://www.netl.doe.gov/technologies/carbon_seq/natcarb/*	_cse_d6ieoekzj1u	
http://geothermaldata.org/*	_cse_d6ieoekzj1u	
http://www.seismicexchange.com/*	_cse_d6ieoekzj1u	
http://unconventionalenergyresources.org/*	_cse_d6ieoekzj1u	
http://www.slb.com/services/*	_cse_d6ieoekzj1u	
http://www.paleosoc.org/shortcourse2010/*	_cse_d6ieoekzj1u	
http://serc.carleton.edu/eet/cores/*	_cse_d6ieoekzj1u	
http://rimg.geoscienceworld.org/content/58/1/275.extract /*	_cse_d6ieoekzj1u	
http://matstrat.princeton.edu//*	_cse_d6ieoekzj1u	
http://www.opendtect.org/*	_cse_d6ieoekzj1u	
http://cran.r-project.org/web/packages/stratigraph/*	_cse_d6ieoekzj1u	
http://intra.museum.state.il.us/pub/grimm/tilia//*	_cse_d6ieoekzj1u	
http://www.staff.ncl.ac.uk/staff/stephen.juggins/software/*	_cse_d6ieoekzj1u	
http://www.kpal.co.uk/*	_cse_d6ieoekzj1u	
http://csdms.colorado.edu/wiki/Model:SEDPAK/*	_cse_d6ieoekzj1u	
http://www.slb.com/services/characterization/data_utilities/*	_cse_d6ieoekzj1u	
http://geofrat.egi.utah.edu/*	_cse_d6ieoekzj1u	
http://www.lmkr.com/geographix/*	_cse_d6ieoekzj1u	
http://www.ihs.com/products/oil-gas-information/analysis-software/kingdom-seismic-interpretation/*	_cse_d6ieoekzj1u	
http://www.neuralog.com/pages/*	_cse_d6ieoekzj1u	
http://forums.esri.com/*	_cse_d6ieoekzj1u	
http://www.software.slb.com/products/platform/Pages/*	_cse_d6ieoekzj1u	
http://gpwg.org/*	_cse_d6ieoekzj1u	
http://www.efloras.org//*	_cse_d6ieoekzj1u	
http://www.grpmcollections.org/index.php/Browse/removeCriteria/facet/collection_facet/id/*	_cse_d6ieoekzj1u	
http://www.mpm.edu/research-collections/geology/collections-overview/*	_cse_d6ieoekzj1u	
http://www.outreach.geos.vt.edu/museum/*	_cse_d6ieoekzj1u	
http://www.tyrrellmuseum.com//*	_cse_d6ieoekzj1u	
http://www.fieldmuseum.org/explore/our-collections/*	_cse_d6ieoekzj1u	
http://www.jdcoopercenter.org/collections//*	_cse_d6ieoekzj1u	
http://www.jdcoopercenter.org/archaeocollections//*	_cse_d6ieoekzj1u	
http://www.flmnh.ufl.edu/vertpaleo//*	_cse_d6ieoekzj1u	
http://www.flmnh.ufl.edu/invertpaleo//*	_cse_d6ieoekzj1u	
http://www.smm.org/paleontology/collections/*	_cse_d6ieoekzj1u	
http://www.gla.ac.uk/hunterian/collections/research//*	_cse_d6ieoekzj1u	
http://www.cincymuseum.org/research/*	_cse_d6ieoekzj1u	
http://www.cincymuseum.org/research/*	_cse_d6ieoekzj1u	
http://www.nmnaturalhistory.org/paleontology/*	_cse_d6ieoekzj1u	
http://invertebratepaleontology.biodiversity.ku.edu/collections-search/*	_cse_d6ieoekzj1u	
http://nature.ca/en/research-collections/our-scientific-services/*	_cse_d6ieoekzj1u	
http://www.carnegiemnh.org/mollusks/*	_cse_d6ieoekzj1u	
http://www.carnegiemnh.org/science/*	_cse_d6ieoekzj1u	
http://www.snomnh.ou.edu/collections-research/*	_cse_d6ieoekzj1u	
http://fossilworks.org/?a=taxonSearchForm/*	_cse_d6ieoekzj1u	
http://natural-history.uoregon.edu/collections/web-galleries/condon-collection/*	_cse_d6ieoekzj1u	
http:imnh.isu.eduhomeindex.phpcollections-and-researchcollection-information/*	_cse_d6ieoekzj1u	
http://www.cas.umt.edu/paleontology/browseCollections.cfm?collectionID=UMIP/*	_cse_d6ieoekzj1u	
http://www.cas.umt.edu/paleontology/collections.cfm/*	_cse_d6ieoekzj1u	
http://clas.uiowa.edu/ees/facilities/paleontology-repository/*	_cse_d6ieoekzj1u	
http://www.museumoftherockies.org/Collections/*	_cse_d6ieoekzj1u	
http://www.gns.cri.nz/Home/Our-Science/Earth-Science/Fossils/Online-Resources/National-Paleontological-Collection-and-Database/*	_cse_d6ieoekzj1u	
http://www.lsa.umich.edu/paleontology/collections/invertebratepaleontologycollection/*	_cse_d6ieoekzj1u	
http://www.lsa.umich.edu/paleontology/collections/paleobotanycollection/*	_cse_d6ieoekzj1u	
http://www.lsa.umich.edu/paleontology/collections /*	_cse_d6ieoekzj1u	
http://www.sdnhm.org/science/paleontology/collections/ /*	_cse_d6ieoekzj1u	
http://naturalsciences.org/research-collections/research-specialties/paleontology/*	_cse_d6ieoekzj1u	
http://www.jsg.utexas.edu/vpl/collections//*	_cse_d6ieoekzj1u	
http://cpms.byu.edu/ESM/*	_cse_d6ieoekzj1u	
http://www.dep.state.fl.us/geology/programs/*	_cse_d6ieoekzj1u	
http://webportals.ipsl.jussieu.fr/ScientificApps/dev/forge_patrick/proxies/v1.0//*	_cse_d6ieoekzj1u	
http://olga.er.usgs.gov/coreviewer//*	_cse_d6ieoekzj1u	
http://pubs.usgs.gov/ds/626//*	_cse_d6ieoekzj1u	
http://www.bgs.ac.uk/geoindex//*	_cse_d6ieoekzj1u	
http://www.bgs.ac.uk/data/bmd/*	_cse_d6ieoekzj1u	
http://www.bangor.ac.uk/oceansciences/research/php/*	_cse_d6ieoekzj1u	
http://www.vmnh.net/collections/*	_cse_d6ieoekzj1u	
http://cumuseum.colorado.edu/research/vertebrates/*	_cse_d6ieoekzj1u	
http://cumuseum.colorado.edu/research/invertebrates/*	_cse_d6ieoekzj1u	
http://cumuseum.colorado.edu/research/paleontology/*	_cse_d6ieoekzj1u	
http://cumuseum.colorado.edu/research/diatoms/*	_cse_d6ieoekzj1u	
http://www.business.qld.gov.au/industry/mining/geoscience-products-services/core-rock-collections/*	_cse_d6ieoekzj1u	
http://biodiversity.ku.edu/vertebrate-paleontology/*	_cse_d6ieoekzj1u	
http://biodiversity.ku.edu/paleobotany/*	_cse_d6ieoekzj1u	
http://www.snomnh.ou.edu/collections-research/*	_cse_d6ieoekzj1u	
http://www.snomnh.ou.edu/collections-research/*	_cse_d6ieoekzj1u	
http://www.ags.gov.ab.ca/services/mcrf//*	_cse_d6ieoekzj1u	
http://www.gov.mb.ca/iem/petroleum/core//*	_cse_d6ieoekzj1u	
http://economy.gov.sk.ca/*	_cse_d6ieoekzj1u	
http://www.carnegiemnh.org/science/*	_cse_d6ieoekzj1u	
http:imnh.isu.eduhomeindex.phpcollections-and-researchearth-sciences-divisionvertebrate-paleontology/*	_cse_d6ieoekzj1u	
http:imnh.isu.eduhomeindex.phpcollections-and-researchearth-sciences-divisionpaleobotany/*	_cse_d6ieoekzj1u	
http://www.cas.umt.edu/paleontology/browseCollections.cfm?collectionID=UMVP/*	_cse_d6ieoekzj1u	
http://www.cas.umt.edu/paleontology/browseCollections.cfm?collectionID=UMPB/*	_cse_d6ieoekzj1u	
